Modelo,Durbin_Watson,LM_stat,LM_pvalue,F_stat,F_pvalue
Backward AIC,1.994243861034078,582.0972079948866,1.256536145866556e-101,19.276325135328214,5.481701772005667e-107
