PuntoCorte,Accuracy,Sensibilidad,Especificidad,Youden,N_parametros_aprox
0.31,0.7626387176325524,0.6944444444444444,0.7933810375670841,0.4878254820115284,32
