Modelo,PseudoR2_train,PseudoR2_test,Acc_train@0.5,Acc_test@0.5,N_parametros_aprox,N_vars_cont,N_vars_categ,Gap_Acc,pref_bic
Stepwise BIC,0.2589003834433084,0.2473143847667466,0.7902281134401973,0.7953144266337855,32,7,4,0.00508631319358821,0
