Metodo,R2_train,R2_test,N_parametros,N_continuas_sel,N_categoricas_sel
Backward AIC,0.36961263397138433,0.3547231877486008,34,9,4
Forward AIC,0.3696126339713842,0.3547231877485677,34,9,4
Stepwise AIC,0.3696126339713842,0.3547231877485496,34,9,4
Forward BIC,0.36703463429613425,0.3522419152234457,30,8,3
Stepwise BIC,0.36703463429613425,0.3522419152234457,30,8,3
Backward BIC,0.36703463429613403,0.35224191522344406,30,8,3
